population_base_size,t_max,param_c,param_b,number_of_evaluation_fitness_function,x_best,f_best
15.0,15.0,1.0,1.0,0.0,"-0.8304278971279817, -1.2806285921173586, 2.0784789832510144",1.3054304631193892
