ps,gen,number_of_evaluation_fitness_function,x_best,f_best
19.0,19.0,380.0,"1.1324138641336212, 1.0105191758346097, 1.0164259385807632",1.4992748213671663
